Datetime,Water Level (m)
2026-09-19 00:00:00,1.2686043
2026-09-19 01:00:00,0.97168964
2026-09-19 02:00:00,0.5545815
2026-09-19 03:00:00,0.11520117
2026-09-19 04:00:00,-0.27150056
2026-09-19 05:00:00,-0.5342584
2026-09-19 06:00:00,-0.6145825
2026-09-19 07:00:00,-0.46136427
2026-09-19 08:00:00,-0.11792736
2026-09-19 09:00:00,0.2652195
2026-09-19 10:00:00,0.5985296
2026-09-19 11:00:00,0.82287914
2026-09-19 12:00:00,0.902117
2026-09-19 13:00:00,0.79774284
2026-09-19 14:00:00,0.5410243
2026-09-19 15:00:00,0.21541366
2026-09-19 16:00:00,-0.109984115
2026-09-19 17:00:00,-0.37456998
2026-09-19 18:00:00,-0.49080566
2026-09-19 19:00:00,-0.3863122
2026-09-19 20:00:00,-0.08361657
2026-09-19 21:00:00,0.30108765
2026-09-19 22:00:00,0.6827687
2026-09-19 23:00:00,1.0127478
2026-09-20 00:00:00,1.2350433
2026-09-20 01:00:00,1.2822801
2026-09-20 02:00:00,1.1356509
2026-09-20 03:00:00,0.8503186
2026-09-20 04:00:00,0.47429708
2026-09-20 05:00:00,0.0734063
2026-09-20 06:00:00,-0.27944082
2026-09-20 07:00:00,-0.50895816
2026-09-20 08:00:00,-0.5665665
2026-09-20 09:00:00,-0.42867067
2026-09-20 10:00:00,-0.13693266
2026-09-20 11:00:00,0.22620977
2026-09-20 12:00:00,0.552426
2026-09-20 13:00:00,0.7818715
2026-09-20 14:00:00,0.90054566
2026-09-20 15:00:00,0.8893135
2026-09-20 16:00:00,0.72350764
2026-09-20 17:00:00,0.39998248
2026-09-20 18:00:00,0.025043555
2026-09-20 19:00:00,-0.27731788
2026-09-20 20:00:00,-0.41443837
2026-09-20 21:00:00,-0.36720774
2026-09-20 22:00:00,-0.13003339
2026-09-20 23:00:00,0.2778875
2026-09-21 00:00:00,0.7324352
2026-09-21 01:00:00,1.0977917
2026-09-21 02:00:00,1.3164427
2026-09-21 03:00:00,1.3730109
2026-09-21 04:00:00,1.2397596
2026-09-21 05:00:00,0.9142859
2026-09-21 06:00:00,0.45235756
2026-09-21 07:00:00,-0.041313354
2026-09-21 08:00:00,-0.45637235
2026-09-21 09:00:00,-0.70943284
2026-09-21 10:00:00,-0.70992035
2026-09-21 11:00:00,-0.4085106
2026-09-21 12:00:00,0.0929129
2026-09-21 13:00:00,0.61263466
2026-09-21 14:00:00,1.0084084
2026-09-21 15:00:00,1.2294751
2026-09-21 16:00:00,1.2796876
2026-09-21 17:00:00,1.1168573
2026-09-21 18:00:00,0.7275281
2026-09-21 19:00:00,0.2179541
2026-09-21 20:00:00,-0.25336957
2026-09-21 21:00:00,-0.560453
2026-09-21 22:00:00,-0.6131501
2026-09-21 23:00:00,-0.34397727
2026-09-22 00:00:00,0.2068707
2026-09-22 01:00:00,0.8269773
2026-09-22 02:00:00,1.342007
2026-09-22 03:00:00,1.6624949
2026-09-22 04:00:00,1.7755218
2026-09-22 05:00:00,1.5913677
2026-09-22 06:00:00,1.1217318
2026-09-22 07:00:00,0.47702542
2026-09-22 08:00:00,-0.16374317
2026-09-22 09:00:00,-0.67666364
2026-09-22 10:00:00,-0.96056616
2026-09-22 11:00:00,-0.8986949
2026-09-22 12:00:00,-0.42373523
2026-09-22 13:00:00,0.272136
2026-09-22 14:00:00,0.9363462
2026-09-22 15:00:00,1.4082408
2026-09-22 16:00:00,1.6489044
2026-09-22 17:00:00,1.6509094
2026-09-22 18:00:00,1.340979
2026-09-22 19:00:00,0.7767367
2026-09-22 20:00:00,0.10790064
2026-09-22 21:00:00,-0.47865298
2026-09-22 22:00:00,-0.857711
2026-09-22 23:00:00,-0.8720274
2026-09-23 00:00:00,-0.3601178
2026-09-23 01:00:00,0.43577614
2026-09-23 02:00:00,1.2248251
2026-09-23 03:00:00,1.8065131
2026-09-23 04:00:00,2.110922
2026-09-23 05:00:00,2.1335177
2026-09-23 06:00:00,1.7824975
2026-09-23 07:00:00,1.136053
2026-09-23 08:00:00,0.37255332
2026-09-23 09:00:00,-0.3040651
2026-09-23 10:00:00,-0.8139713
2026-09-23 11:00:00,-0.98164004
2026-09-23 12:00:00,-0.6196968
2026-09-23 13:00:00,0.19958398
2026-09-23 14:00:00,1.0768524
2026-09-23 15:00:00,1.7657967
2026-09-23 16:00:00,2.1800892
2026-09-23 17:00:00,2.2976365
2026-09-23 18:00:00,2.0663145
2026-09-23 19:00:00,1.497612
2026-09-23 20:00:00,0.7236751
2026-09-23 21:00:00,-0.054436997
2026-09-23 22:00:00,-0.65801364
2026-09-23 23:00:00,-0.9556757
2026-09-24 00:00:00,-0.71111906
2026-09-24 01:00:00,0.07104585
2026-09-24 02:00:00,0.9908281
2026-09-24 03:00:00,1.9139271
2026-09-24 04:00:00,2.5399806
2026-09-24 05:00:00,2.7944949
2026-09-24 06:00:00,2.6123369
2026-09-24 07:00:00,2.027434
2026-09-24 08:00:00,1.19498
2026-09-24 09:00:00,0.32838345
2026-09-24 10:00:00,-0.44348663
2026-09-24 11:00:00,-0.9640122
2026-09-24 12:00:00,-1.0255499
2026-09-24 13:00:00,-0.41842192
2026-09-24 14:00:00,0.6308006
2026-09-24 15:00:00,1.5950596
2026-09-24 16:00:00,2.2704601
2026-09-24 17:00:00,2.558763
2026-09-24 18:00:00,2.5258071
2026-09-24 19:00:00,2.100033
2026-09-24 20:00:00,1.3027681
2026-09-24 21:00:00,0.38492373
2026-09-24 22:00:00,-0.43876445
2026-09-24 23:00:00,-1.0213462
2026-09-25 00:00:00,-1.1489675
